trace_length,queries,lde_size,fri_rounds,evaluation_bytes,authentication_bytes,terminal_bytes,root_bytes,total_bytes,internal_hashes,leaf_hashes,fold_checks
1024,20,8192,5,6080,56960,4096,256,67392,1780,160,100
4096,20,32768,7,7360,78080,4096,320,89856,2440,200,140
16384,20,131072,9,8640,101760,4096,384,114880,3180,240,180
65536,20,524288,11,9920,128000,4096,448,142464,4000,280,220
262144,20,2097152,13,11200,156800,4096,512,172608,4900,320,260
1048576,20,8388608,15,12480,188160,4096,576,205312,5880,360,300
4194304,20,33554432,17,13760,222080,4096,640,240576,6940,400,340
16777216,20,134217728,19,15040,258560,4096,704,278400,8080,440,380
1024,30,8192,5,9120,85440,4096,256,98912,2670,240,150
4096,30,32768,7,11040,117120,4096,320,132576,3660,300,210
16384,30,131072,9,12960,152640,4096,384,170080,4770,360,270
65536,30,524288,11,14880,192000,4096,448,211424,6000,420,330
262144,30,2097152,13,16800,235200,4096,512,256608,7350,480,390
1048576,30,8388608,15,18720,282240,4096,576,305632,8820,540,450
4194304,30,33554432,17,20640,333120,4096,640,358496,10410,600,510
16777216,30,134217728,19,22560,387840,4096,704,415200,12120,660,570
1024,40,8192,5,12160,113920,4096,256,130432,3560,320,200
4096,40,32768,7,14720,156160,4096,320,175296,4880,400,280
16384,40,131072,9,17280,203520,4096,384,225280,6360,480,360
65536,40,524288,11,19840,256000,4096,448,280384,8000,560,440
262144,40,2097152,13,22400,313600,4096,512,340608,9800,640,520
1048576,40,8388608,15,24960,376320,4096,576,405952,11760,720,600
4194304,40,33554432,17,27520,444160,4096,640,476416,13880,800,680
16777216,40,134217728,19,30080,517120,4096,704,552000,16160,880,760
1024,60,8192,5,18240,170880,4096,256,193472,5340,480,300
4096,60,32768,7,22080,234240,4096,320,260736,7320,600,420
16384,60,131072,9,25920,305280,4096,384,335680,9540,720,540
65536,60,524288,11,29760,384000,4096,448,418304,12000,840,660
262144,60,2097152,13,33600,470400,4096,512,508608,14700,960,780
1048576,60,8388608,15,37440,564480,4096,576,606592,17640,1080,900
4194304,60,33554432,17,41280,666240,4096,640,712256,20820,1200,1020
16777216,60,134217728,19,45120,775680,4096,704,825600,24240,1320,1140
